checkpoint_id,image_file
OUT_CP001,OUT_CP001.jpg
OUT_CP001,OUT_CP001.jpg
OUT_CP001,OUT_CP001.jpg
OUT_CP001,OUT_CP001.jpg
OUT_CP001,OUT_CP001.jpg
OUT_CP001,OUT_CP001.jpg
OUT_CP001,OUT_CP001.jpg
OUT_CP001,OUT_CP001.jpg
OUT_CP001,OUT_CP001.jpg
OUT_CP001,OUT_CP001.jpg
OUT_CP001,OUT_CP001.jpg
OUT_CP001,OUT_CP001.jpg
OUT_CP001,OUT_CP001.jpg
OUT_CP001,OUT_CP001.jpg
OUT_CP001,OUT_CP001.jpg
OUT_CP001,OUT_CP001.jpg
OUT_CP001,OUT_CP001.jpg
OUT_CP001,OUT_CP001.jpg
OUT_CP001,OUT_CP001.jpg
OUT_CP001,OUT_CP001.jpg
OUT_CP001,OUT_CP001.jpg
OUT_CP001,OUT_CP001.jpg
OUT_CP001,OUT_CP001.jpg
OUT_CP001,OUT_CP001.jpg
OUT_CP001,OUT_CP001.jpg
OUT_CP001,OUT_CP001.jpg
OUT_CP001,OUT_CP001.jpg
OUT_CP002,OUT_CP002.jpg
OUT_CP002,OUT_CP002.jpg
OUT_CP002,OUT_CP002.jpg
OUT_CP002,OUT_CP002.jpg
OUT_CP002,OUT_CP002.jpg
OUT_CP002,OUT_CP002.jpg
OUT_CP002,OUT_CP002.jpg
OUT_CP002,OUT_CP002.jpg
OUT_CP002,OUT_CP002.jpg
OUT_CP002,OUT_CP002.jpg
OUT_CP002,OUT_CP002.jpg
OUT_CP002,OUT_CP002.jpg
OUT_CP002,OUT_CP002.jpg
OUT_CP002,OUT_CP002.jpg
OUT_CP002,OUT_CP002.jpg
OUT_CP002,OUT_CP002.jpg
OUT_CP002,OUT_CP002.jpg
OUT_CP002,OUT_CP002.jpg
OUT_CP002,OUT_CP002.jpg
OUT_CP002,OUT_CP002.jpg
OUT_CP002,OUT_CP002.jpg
OUT_CP002,OUT_CP002.jpg
OUT_CP002,OUT_CP002.jpg
OUT_CP002,OUT_CP002.jpg
OUT_CP002,OUT_CP002.jpg
OUT_CP002,OUT_CP002.jpg
OUT_CP002,OUT_CP002.jpg
OUT_CP003,OUT_CP003.jpg
OUT_CP003,OUT_CP003.jpg
OUT_CP003,OUT_CP003.jpg
OUT_CP003,OUT_CP003.jpg
OUT_CP003,OUT_CP003.jpg
OUT_CP003,OUT_CP003.jpg
OUT_CP003,OUT_CP003.jpg
OUT_CP003,OUT_CP003.jpg
OUT_CP003,OUT_CP003.jpg
OUT_CP003,OUT_CP003.jpg
OUT_CP003,OUT_CP003.jpg
OUT_CP003,OUT_CP003.jpg
OUT_CP003,OUT_CP003.jpg
OUT_CP003,OUT_CP003.jpg
OUT_CP003,OUT_CP003.jpg
OUT_CP003,OUT_CP003.jpg
OUT_CP003,OUT_CP003.jpg
OUT_CP003,OUT_CP003.jpg
OUT_CP003,OUT_CP003.jpg
OUT_CP003,OUT_CP003.jpg
OUT_CP003,OUT_CP003.jpg
OUT_CP003,OUT_CP003.jpg
OUT_CP003,OUT_CP003.jpg
OUT_CP003,OUT_CP003.jpg
OUT_CP003,OUT_CP003.jpg
OUT_CP003,OUT_CP003.jpg
OUT_CP003,OUT_CP003.jpg
OUT_CP004,OUT_CP004.jpg
OUT_CP004,OUT_CP004.jpg
OUT_CP004,OUT_CP004.jpg
OUT_CP004,OUT_CP004.jpg
OUT_CP004,OUT_CP004.jpg
OUT_CP004,OUT_CP004.jpg
OUT_CP004,OUT_CP004.jpg
OUT_CP004,OUT_CP004.jpg
OUT_CP004,OUT_CP004.jpg
OUT_CP004,OUT_CP004.jpg
OUT_CP004,OUT_CP004.jpg
OUT_CP004,OUT_CP004.jpg
OUT_CP004,OUT_CP004.jpg
OUT_CP004,OUT_CP004.jpg
OUT_CP004,OUT_CP004.jpg
OUT_CP004,OUT_CP004.jpg
OUT_CP004,OUT_CP004.jpg
OUT_CP004,OUT_CP004.jpg
OUT_CP004,OUT_CP004.jpg
OUT_CP004,OUT_CP004.jpg
OUT_CP004,OUT_CP004.jpg
OUT_CP004,OUT_CP004.jpg
OUT_CP004,OUT_CP004.jpg
OUT_CP004,OUT_CP004.jpg
OUT_CP004,OUT_CP004.jpg
OUT_CP004,OUT_CP004.jpg
OUT_CP004,OUT_CP004.jpg
OUT_CP005,OUT_CP005.jpg
OUT_CP005,OUT_CP005.jpg
OUT_CP005,OUT_CP005.jpg
OUT_CP005,OUT_CP005.jpg
OUT_CP005,OUT_CP005.jpg
OUT_CP005,OUT_CP005.jpg
OUT_CP005,OUT_CP005.jpg
OUT_CP005,OUT_CP005.jpg
OUT_CP005,OUT_CP005.jpg
OUT_CP005,OUT_CP005.jpg
OUT_CP005,OUT_CP005.jpg
OUT_CP005,OUT_CP005.jpg
OUT_CP005,OUT_CP005.jpg
OUT_CP005,OUT_CP005.jpg
OUT_CP005,OUT_CP005.jpg
OUT_CP005,OUT_CP005.jpg
OUT_CP005,OUT_CP005.jpg
OUT_CP005,OUT_CP005.jpg
OUT_CP005,OUT_CP005.jpg
OUT_CP005,OUT_CP005.jpg
OUT_CP005,OUT_CP005.jpg
OUT_CP005,OUT_CP005.jpg
OUT_CP005,OUT_CP005.jpg
OUT_CP005,OUT_CP005.jpg
OUT_CP005,OUT_CP005.jpg
OUT_CP005,OUT_CP005.jpg
OUT_CP005,OUT_CP005.jpg
OUT_CP006,OUT_CP006.jpg
OUT_CP006,OUT_CP006.jpg
OUT_CP006,OUT_CP006.jpg
OUT_CP006,OUT_CP006.jpg
OUT_CP006,OUT_CP006.jpg
OUT_CP006,OUT_CP006.jpg
OUT_CP006,OUT_CP006.jpg
OUT_CP006,OUT_CP006.jpg
OUT_CP006,OUT_CP006.jpg
OUT_CP006,OUT_CP006.jpg
OUT_CP006,OUT_CP006.jpg
OUT_CP006,OUT_CP006.jpg
OUT_CP006,OUT_CP006.jpg
OUT_CP006,OUT_CP006.jpg
OUT_CP006,OUT_CP006.jpg
OUT_CP006,OUT_CP006.jpg
OUT_CP006,OUT_CP006.jpg
OUT_CP006,OUT_CP006.jpg
OUT_CP006,OUT_CP006.jpg
OUT_CP006,OUT_CP006.jpg
OUT_CP006,OUT_CP006.jpg
OUT_CP006,OUT_CP006.jpg
OUT_CP006,OUT_CP006.jpg
OUT_CP006,OUT_CP006.jpg
OUT_CP006,OUT_CP006.jpg
OUT_CP006,OUT_CP006.jpg
OUT_CP006,OUT_CP006.jpg
OUT_CP007,OUT_CP007.jpg
OUT_CP007,OUT_CP007.jpg
OUT_CP007,OUT_CP007.jpg
OUT_CP007,OUT_CP007.jpg
OUT_CP007,OUT_CP007.jpg
OUT_CP007,OUT_CP007.jpg
OUT_CP007,OUT_CP007.jpg
OUT_CP007,OUT_CP007.jpg
OUT_CP007,OUT_CP007.jpg
OUT_CP007,OUT_CP007.jpg
OUT_CP007,OUT_CP007.jpg
OUT_CP007,OUT_CP007.jpg
OUT_CP007,OUT_CP007.jpg
OUT_CP007,OUT_CP007.jpg
OUT_CP007,OUT_CP007.jpg
OUT_CP007,OUT_CP007.jpg
OUT_CP007,OUT_CP007.jpg
OUT_CP007,OUT_CP007.jpg
OUT_CP007,OUT_CP007.jpg
OUT_CP007,OUT_CP007.jpg
OUT_CP007,OUT_CP007.jpg
OUT_CP007,OUT_CP007.jpg
OUT_CP007,OUT_CP007.jpg
OUT_CP007,OUT_CP007.jpg
OUT_CP007,OUT_CP007.jpg
OUT_CP007,OUT_CP007.jpg
OUT_CP007,OUT_CP007.jpg
OUT_CP008,OUT_CP008.jpg
OUT_CP008,OUT_CP008.jpg
OUT_CP008,OUT_CP008.jpg
OUT_CP008,OUT_CP008.jpg
OUT_CP008,OUT_CP008.jpg
OUT_CP008,OUT_CP008.jpg
OUT_CP008,OUT_CP008.jpg
OUT_CP008,OUT_CP008.jpg
OUT_CP008,OUT_CP008.jpg
OUT_CP008,OUT_CP008.jpg
OUT_CP008,OUT_CP008.jpg
OUT_CP008,OUT_CP008.jpg
OUT_CP008,OUT_CP008.jpg
OUT_CP008,OUT_CP008.jpg
OUT_CP008,OUT_CP008.jpg
OUT_CP008,OUT_CP008.jpg
OUT_CP008,OUT_CP008.jpg
OUT_CP008,OUT_CP008.jpg
OUT_CP008,OUT_CP008.jpg
OUT_CP008,OUT_CP008.jpg
OUT_CP008,OUT_CP008.jpg
OUT_CP008,OUT_CP008.jpg
OUT_CP008,OUT_CP008.jpg
OUT_CP008,OUT_CP008.jpg
OUT_CP008,OUT_CP008.jpg
OUT_CP008,OUT_CP008.jpg
OUT_CP008,OUT_CP008.jpg
OUT_CP009,OUT_CP009.jpg
OUT_CP009,OUT_CP009.jpg
OUT_CP009,OUT_CP009.jpg
OUT_CP009,OUT_CP009.jpg
OUT_CP009,OUT_CP009.jpg
OUT_CP009,OUT_CP009.jpg
OUT_CP009,OUT_CP009.jpg
OUT_CP009,OUT_CP009.jpg
OUT_CP009,OUT_CP009.jpg
OUT_CP009,OUT_CP009.jpg
OUT_CP009,OUT_CP009.jpg
OUT_CP009,OUT_CP009.jpg
OUT_CP009,OUT_CP009.jpg
OUT_CP009,OUT_CP009.jpg
OUT_CP009,OUT_CP009.jpg
OUT_CP009,OUT_CP009.jpg
OUT_CP009,OUT_CP009.jpg
OUT_CP009,OUT_CP009.jpg
OUT_CP009,OUT_CP009.jpg
OUT_CP009,OUT_CP009.jpg
OUT_CP009,OUT_CP009.jpg
OUT_CP009,OUT_CP009.jpg
OUT_CP009,OUT_CP009.jpg
OUT_CP009,OUT_CP009.jpg
OUT_CP009,OUT_CP009.jpg
OUT_CP009,OUT_CP009.jpg
OUT_CP009,OUT_CP009.jpg
OUT_CP010,OUT_CP010.jpg
OUT_CP010,OUT_CP010.jpg
OUT_CP010,OUT_CP010.jpg
OUT_CP010,OUT_CP010.jpg
OUT_CP010,OUT_CP010.jpg
OUT_CP010,OUT_CP010.jpg
OUT_CP010,OUT_CP010.jpg
OUT_CP010,OUT_CP010.jpg
OUT_CP010,OUT_CP010.jpg
OUT_CP010,OUT_CP010.jpg
OUT_CP010,OUT_CP010.jpg
OUT_CP010,OUT_CP010.jpg
OUT_CP010,OUT_CP010.jpg
OUT_CP010,OUT_CP010.jpg
OUT_CP010,OUT_CP010.jpg
OUT_CP010,OUT_CP010.jpg
OUT_CP010,OUT_CP010.jpg
OUT_CP010,OUT_CP010.jpg
OUT_CP010,OUT_CP010.jpg
OUT_CP010,OUT_CP010.jpg
OUT_CP010,OUT_CP010.jpg
OUT_CP010,OUT_CP010.jpg
OUT_CP010,OUT_CP010.jpg
OUT_CP010,OUT_CP010.jpg
OUT_CP010,OUT_CP010.jpg
OUT_CP010,OUT_CP010.jpg
OUT_CP010,OUT_CP010.jpg
OUT_CP011,OUT_CP011.jpg
OUT_CP011,OUT_CP011.jpg
OUT_CP011,OUT_CP011.jpg
OUT_CP011,OUT_CP011.jpg
OUT_CP011,OUT_CP011.jpg
OUT_CP011,OUT_CP011.jpg
OUT_CP011,OUT_CP011.jpg
OUT_CP011,OUT_CP011.jpg
OUT_CP011,OUT_CP011.jpg
OUT_CP011,OUT_CP011.jpg
OUT_CP011,OUT_CP011.jpg
OUT_CP011,OUT_CP011.jpg
OUT_CP011,OUT_CP011.jpg
OUT_CP011,OUT_CP011.jpg
OUT_CP011,OUT_CP011.jpg
OUT_CP011,OUT_CP011.jpg
OUT_CP011,OUT_CP011.jpg
OUT_CP011,OUT_CP011.jpg
OUT_CP011,OUT_CP011.jpg
OUT_CP011,OUT_CP011.jpg
OUT_CP011,OUT_CP011.jpg
OUT_CP011,OUT_CP011.jpg
OUT_CP011,OUT_CP011.jpg
OUT_CP011,OUT_CP011.jpg
OUT_CP011,OUT_CP011.jpg
OUT_CP011,OUT_CP011.jpg
OUT_CP011,OUT_CP011.jpg
OUT_CP012,OUT_CP012.jpg
OUT_CP012,OUT_CP012.jpg
OUT_CP012,OUT_CP012.jpg
OUT_CP012,OUT_CP012.jpg
OUT_CP012,OUT_CP012.jpg
OUT_CP012,OUT_CP012.jpg
OUT_CP012,OUT_CP012.jpg
OUT_CP012,OUT_CP012.jpg
OUT_CP012,OUT_CP012.jpg
OUT_CP012,OUT_CP012.jpg
OUT_CP012,OUT_CP012.jpg
OUT_CP012,OUT_CP012.jpg
OUT_CP012,OUT_CP012.jpg
OUT_CP012,OUT_CP012.jpg
OUT_CP012,OUT_CP012.jpg
OUT_CP012,OUT_CP012.jpg
OUT_CP012,OUT_CP012.jpg
OUT_CP012,OUT_CP012.jpg
OUT_CP012,OUT_CP012.jpg
OUT_CP012,OUT_CP012.jpg
OUT_CP012,OUT_CP012.jpg
OUT_CP012,OUT_CP012.jpg
OUT_CP012,OUT_CP012.jpg
OUT_CP012,OUT_CP012.jpg
OUT_CP012,OUT_CP012.jpg
OUT_CP012,OUT_CP012.jpg
OUT_CP012,OUT_CP012.jpg
OUT_CP013,OUT_CP013.jpg
OUT_CP013,OUT_CP013.jpg
OUT_CP013,OUT_CP013.jpg
OUT_CP013,OUT_CP013.jpg
OUT_CP013,OUT_CP013.jpg
OUT_CP013,OUT_CP013.jpg
OUT_CP013,OUT_CP013.jpg
OUT_CP013,OUT_CP013.jpg
OUT_CP013,OUT_CP013.jpg
OUT_CP013,OUT_CP013.jpg
OUT_CP013,OUT_CP013.jpg
OUT_CP013,OUT_CP013.jpg
OUT_CP013,OUT_CP013.jpg
OUT_CP013,OUT_CP013.jpg
OUT_CP013,OUT_CP013.jpg
OUT_CP013,OUT_CP013.jpg
OUT_CP013,OUT_CP013.jpg
OUT_CP013,OUT_CP013.jpg
OUT_CP013,OUT_CP013.jpg
OUT_CP013,OUT_CP013.jpg
OUT_CP013,OUT_CP013.jpg
OUT_CP013,OUT_CP013.jpg
OUT_CP013,OUT_CP013.jpg
OUT_CP013,OUT_CP013.jpg
OUT_CP013,OUT_CP013.jpg
OUT_CP013,OUT_CP013.jpg
OUT_CP013,OUT_CP013.jpg
OUT_CP014,OUT_CP014.jpg
OUT_CP014,OUT_CP014.jpg
OUT_CP014,OUT_CP014.jpg
OUT_CP014,OUT_CP014.jpg
OUT_CP014,OUT_CP014.jpg
OUT_CP014,OUT_CP014.jpg
OUT_CP014,OUT_CP014.jpg
OUT_CP014,OUT_CP014.jpg
OUT_CP014,OUT_CP014.jpg
OUT_CP014,OUT_CP014.jpg
OUT_CP014,OUT_CP014.jpg
OUT_CP014,OUT_CP014.jpg
OUT_CP014,OUT_CP014.jpg
OUT_CP014,OUT_CP014.jpg
OUT_CP014,OUT_CP014.jpg
OUT_CP014,OUT_CP014.jpg
OUT_CP014,OUT_CP014.jpg
OUT_CP014,OUT_CP014.jpg
OUT_CP014,OUT_CP014.jpg
OUT_CP014,OUT_CP014.jpg
OUT_CP014,OUT_CP014.jpg
OUT_CP014,OUT_CP014.jpg
OUT_CP014,OUT_CP014.jpg
OUT_CP014,OUT_CP014.jpg
OUT_CP014,OUT_CP014.jpg
OUT_CP014,OUT_CP014.jpg
OUT_CP014,OUT_CP014.jpg
OUT_CP015,OUT_CP015.jpg
OUT_CP015,OUT_CP015.jpg
OUT_CP015,OUT_CP015.jpg
OUT_CP015,OUT_CP015.jpg
OUT_CP015,OUT_CP015.jpg
OUT_CP015,OUT_CP015.jpg
OUT_CP015,OUT_CP015.jpg
OUT_CP015,OUT_CP015.jpg
OUT_CP015,OUT_CP015.jpg
OUT_CP015,OUT_CP015.jpg
OUT_CP015,OUT_CP015.jpg
OUT_CP015,OUT_CP015.jpg
OUT_CP015,OUT_CP015.jpg
OUT_CP015,OUT_CP015.jpg
OUT_CP015,OUT_CP015.jpg
OUT_CP015,OUT_CP015.jpg
OUT_CP015,OUT_CP015.jpg
OUT_CP015,OUT_CP015.jpg
OUT_CP015,OUT_CP015.jpg
OUT_CP015,OUT_CP015.jpg
OUT_CP015,OUT_CP015.jpg
OUT_CP015,OUT_CP015.jpg
OUT_CP015,OUT_CP015.jpg
OUT_CP015,OUT_CP015.jpg
OUT_CP015,OUT_CP015.jpg
OUT_CP015,OUT_CP015.jpg
OUT_CP015,OUT_CP015.jpg
OUT_CP016,OUT_CP016.jpg
OUT_CP016,OUT_CP016.jpg
OUT_CP016,OUT_CP016.jpg
OUT_CP016,OUT_CP016.jpg
OUT_CP016,OUT_CP016.jpg
OUT_CP016,OUT_CP016.jpg
OUT_CP016,OUT_CP016.jpg
OUT_CP016,OUT_CP016.jpg
OUT_CP016,OUT_CP016.jpg
OUT_CP016,OUT_CP016.jpg
OUT_CP016,OUT_CP016.jpg
OUT_CP016,OUT_CP016.jpg
OUT_CP016,OUT_CP016.jpg
OUT_CP016,OUT_CP016.jpg
OUT_CP016,OUT_CP016.jpg
OUT_CP016,OUT_CP016.jpg
OUT_CP016,OUT_CP016.jpg
OUT_CP016,OUT_CP016.jpg
OUT_CP016,OUT_CP016.jpg
OUT_CP016,OUT_CP016.jpg
OUT_CP016,OUT_CP016.jpg
OUT_CP016,OUT_CP016.jpg
OUT_CP016,OUT_CP016.jpg
OUT_CP016,OUT_CP016.jpg
OUT_CP016,OUT_CP016.jpg
OUT_CP016,OUT_CP016.jpg
OUT_CP016,OUT_CP016.jpg
OUT_CP017,OUT_CP017.jpg
OUT_CP017,OUT_CP017.jpg
OUT_CP017,OUT_CP017.jpg
OUT_CP017,OUT_CP017.jpg
OUT_CP017,OUT_CP017.jpg
OUT_CP017,OUT_CP017.jpg
OUT_CP017,OUT_CP017.jpg
OUT_CP017,OUT_CP017.jpg
OUT_CP017,OUT_CP017.jpg
OUT_CP017,OUT_CP017.jpg
OUT_CP017,OUT_CP017.jpg
OUT_CP017,OUT_CP017.jpg
OUT_CP017,OUT_CP017.jpg
OUT_CP017,OUT_CP017.jpg
OUT_CP017,OUT_CP017.jpg
OUT_CP017,OUT_CP017.jpg
OUT_CP017,OUT_CP017.jpg
OUT_CP017,OUT_CP017.jpg
OUT_CP017,OUT_CP017.jpg
OUT_CP017,OUT_CP017.jpg
OUT_CP017,OUT_CP017.jpg
OUT_CP017,OUT_CP017.jpg
OUT_CP017,OUT_CP017.jpg
OUT_CP017,OUT_CP017.jpg
OUT_CP017,OUT_CP017.jpg
OUT_CP017,OUT_CP017.jpg
OUT_CP017,OUT_CP017.jpg
OUT_CP018,OUT_CP018.jpg
OUT_CP018,OUT_CP018.jpg
OUT_CP018,OUT_CP018.jpg
OUT_CP018,OUT_CP018.jpg
OUT_CP018,OUT_CP018.jpg
OUT_CP018,OUT_CP018.jpg
OUT_CP018,OUT_CP018.jpg
OUT_CP018,OUT_CP018.jpg
OUT_CP018,OUT_CP018.jpg
OUT_CP018,OUT_CP018.jpg
OUT_CP018,OUT_CP018.jpg
OUT_CP018,OUT_CP018.jpg
OUT_CP018,OUT_CP018.jpg
OUT_CP018,OUT_CP018.jpg
OUT_CP018,OUT_CP018.jpg
OUT_CP018,OUT_CP018.jpg
OUT_CP018,OUT_CP018.jpg
OUT_CP018,OUT_CP018.jpg
OUT_CP018,OUT_CP018.jpg
OUT_CP018,OUT_CP018.jpg
OUT_CP018,OUT_CP018.jpg
OUT_CP018,OUT_CP018.jpg
OUT_CP018,OUT_CP018.jpg
OUT_CP018,OUT_CP018.jpg
OUT_CP018,OUT_CP018.jpg
OUT_CP018,OUT_CP018.jpg
OUT_CP018,OUT_CP018.jpg
OUT_CP019,OUT_CP019.jpg
OUT_CP019,OUT_CP019.jpg
OUT_CP019,OUT_CP019.jpg
OUT_CP019,OUT_CP019.jpg
OUT_CP019,OUT_CP019.jpg
OUT_CP019,OUT_CP019.jpg
OUT_CP019,OUT_CP019.jpg
OUT_CP019,OUT_CP019.jpg
OUT_CP019,OUT_CP019.jpg
OUT_CP019,OUT_CP019.jpg
OUT_CP019,OUT_CP019.jpg
OUT_CP019,OUT_CP019.jpg
OUT_CP019,OUT_CP019.jpg
OUT_CP019,OUT_CP019.jpg
OUT_CP019,OUT_CP019.jpg
OUT_CP019,OUT_CP019.jpg
OUT_CP019,OUT_CP019.jpg
OUT_CP019,OUT_CP019.jpg
OUT_CP019,OUT_CP019.jpg
OUT_CP019,OUT_CP019.jpg
OUT_CP019,OUT_CP019.jpg
OUT_CP019,OUT_CP019.jpg
OUT_CP019,OUT_CP019.jpg
OUT_CP019,OUT_CP019.jpg
OUT_CP019,OUT_CP019.jpg
OUT_CP019,OUT_CP019.jpg
OUT_CP019,OUT_CP019.jpg
OUT_CP020,OUT_CP020.jpg
OUT_CP020,OUT_CP020.jpg
OUT_CP020,OUT_CP020.jpg
OUT_CP020,OUT_CP020.jpg
OUT_CP020,OUT_CP020.jpg
OUT_CP020,OUT_CP020.jpg
OUT_CP020,OUT_CP020.jpg
OUT_CP020,OUT_CP020.jpg
OUT_CP020,OUT_CP020.jpg
OUT_CP020,OUT_CP020.jpg
OUT_CP020,OUT_CP020.jpg
OUT_CP020,OUT_CP020.jpg
OUT_CP020,OUT_CP020.jpg
OUT_CP020,OUT_CP020.jpg
OUT_CP020,OUT_CP020.jpg
OUT_CP020,OUT_CP020.jpg
OUT_CP020,OUT_CP020.jpg
OUT_CP020,OUT_CP020.jpg
OUT_CP020,OUT_CP020.jpg
OUT_CP020,OUT_CP020.jpg
OUT_CP020,OUT_CP020.jpg
OUT_CP020,OUT_CP020.jpg
OUT_CP020,OUT_CP020.jpg
OUT_CP020,OUT_CP020.jpg
OUT_CP020,OUT_CP020.jpg
OUT_CP020,OUT_CP020.jpg
OUT_CP020,OUT_CP020.jpg
OUT_CP022,OUT_CP022.jpg
OUT_CP022,OUT_CP022.jpg
OUT_CP022,OUT_CP022.jpg
OUT_CP022,OUT_CP022.jpg
OUT_CP022,OUT_CP022.jpg
OUT_CP022,OUT_CP022.jpg
OUT_CP022,OUT_CP022.jpg
OUT_CP022,OUT_CP022.jpg
OUT_CP022,OUT_CP022.jpg
OUT_CP022,OUT_CP022.jpg
OUT_CP022,OUT_CP022.jpg
OUT_CP022,OUT_CP022.jpg
OUT_CP022,OUT_CP022.jpg
OUT_CP022,OUT_CP022.jpg
OUT_CP022,OUT_CP022.jpg
OUT_CP022,OUT_CP022.jpg
OUT_CP022,OUT_CP022.jpg
OUT_CP022,OUT_CP022.jpg
OUT_CP022,OUT_CP022.jpg
OUT_CP022,OUT_CP022.jpg
OUT_CP022,OUT_CP022.jpg
OUT_CP022,OUT_CP022.jpg
OUT_CP022,OUT_CP022.jpg
OUT_CP022,OUT_CP022.jpg
OUT_CP022,OUT_CP022.jpg
OUT_CP022,OUT_CP022.jpg
OUT_CP022,OUT_CP022.jpg
OUT_CP023,OUT_CP023.jpg
OUT_CP023,OUT_CP023.jpg
OUT_CP023,OUT_CP023.jpg
OUT_CP023,OUT_CP023.jpg
OUT_CP023,OUT_CP023.jpg
OUT_CP023,OUT_CP023.jpg
OUT_CP023,OUT_CP023.jpg
OUT_CP023,OUT_CP023.jpg
OUT_CP023,OUT_CP023.jpg
OUT_CP023,OUT_CP023.jpg
OUT_CP023,OUT_CP023.jpg
OUT_CP023,OUT_CP023.jpg
OUT_CP023,OUT_CP023.jpg
OUT_CP023,OUT_CP023.jpg
OUT_CP023,OUT_CP023.jpg
OUT_CP023,OUT_CP023.jpg
OUT_CP023,OUT_CP023.jpg
OUT_CP023,OUT_CP023.jpg
OUT_CP023,OUT_CP023.jpg
OUT_CP023,OUT_CP023.jpg
OUT_CP023,OUT_CP023.jpg
OUT_CP023,OUT_CP023.jpg
OUT_CP023,OUT_CP023.jpg
OUT_CP023,OUT_CP023.jpg
OUT_CP023,OUT_CP023.jpg
OUT_CP023,OUT_CP023.jpg
OUT_CP023,OUT_CP023.jpg
OUT_CP024,OUT_CP024.jpg
OUT_CP024,OUT_CP024.jpg
OUT_CP024,OUT_CP024.jpg
OUT_CP024,OUT_CP024.jpg
OUT_CP024,OUT_CP024.jpg
OUT_CP024,OUT_CP024.jpg
OUT_CP024,OUT_CP024.jpg
OUT_CP024,OUT_CP024.jpg
OUT_CP024,OUT_CP024.jpg
OUT_CP024,OUT_CP024.jpg
OUT_CP024,OUT_CP024.jpg
OUT_CP024,OUT_CP024.jpg
OUT_CP024,OUT_CP024.jpg
OUT_CP024,OUT_CP024.jpg
OUT_CP024,OUT_CP024.jpg
OUT_CP024,OUT_CP024.jpg
OUT_CP024,OUT_CP024.jpg
OUT_CP024,OUT_CP024.jpg
OUT_CP024,OUT_CP024.jpg
OUT_CP024,OUT_CP024.jpg
OUT_CP024,OUT_CP024.jpg
OUT_CP024,OUT_CP024.jpg
OUT_CP024,OUT_CP024.jpg
OUT_CP024,OUT_CP024.jpg
OUT_CP024,OUT_CP024.jpg
OUT_CP024,OUT_CP024.jpg
OUT_CP024,OUT_CP024.jpg
OUT_CP025,OUT_CP025.jpg
OUT_CP025,OUT_CP025.jpg
OUT_CP025,OUT_CP025.jpg
OUT_CP025,OUT_CP025.jpg
OUT_CP025,OUT_CP025.jpg
OUT_CP025,OUT_CP025.jpg
OUT_CP025,OUT_CP025.jpg
OUT_CP025,OUT_CP025.jpg
OUT_CP025,OUT_CP025.jpg
OUT_CP025,OUT_CP025.jpg
OUT_CP025,OUT_CP025.jpg
OUT_CP025,OUT_CP025.jpg
OUT_CP025,OUT_CP025.jpg
OUT_CP025,OUT_CP025.jpg
OUT_CP025,OUT_CP025.jpg
OUT_CP025,OUT_CP025.jpg
OUT_CP025,OUT_CP025.jpg
OUT_CP025,OUT_CP025.jpg
OUT_CP025,OUT_CP025.jpg
OUT_CP025,OUT_CP025.jpg
OUT_CP025,OUT_CP025.jpg
OUT_CP025,OUT_CP025.jpg
OUT_CP025,OUT_CP025.jpg
OUT_CP025,OUT_CP025.jpg
OUT_CP025,OUT_CP025.jpg
OUT_CP025,OUT_CP025.jpg
OUT_CP025,OUT_CP025.jpg
OUT_CP026,OUT_CP026.jpg
OUT_CP026,OUT_CP026.jpg
OUT_CP026,OUT_CP026.jpg
OUT_CP026,OUT_CP026.jpg
OUT_CP026,OUT_CP026.jpg
OUT_CP026,OUT_CP026.jpg
OUT_CP026,OUT_CP026.jpg
OUT_CP026,OUT_CP026.jpg
OUT_CP026,OUT_CP026.jpg
OUT_CP026,OUT_CP026.jpg
OUT_CP026,OUT_CP026.jpg
OUT_CP026,OUT_CP026.jpg
OUT_CP026,OUT_CP026.jpg
OUT_CP026,OUT_CP026.jpg
OUT_CP026,OUT_CP026.jpg
OUT_CP026,OUT_CP026.jpg
OUT_CP026,OUT_CP026.jpg
OUT_CP026,OUT_CP026.jpg
OUT_CP026,OUT_CP026.jpg
OUT_CP026,OUT_CP026.jpg
OUT_CP026,OUT_CP026.jpg
OUT_CP026,OUT_CP026.jpg
OUT_CP026,OUT_CP026.jpg
OUT_CP026,OUT_CP026.jpg
OUT_CP026,OUT_CP026.jpg
OUT_CP026,OUT_CP026.jpg
OUT_CP026,OUT_CP026.jpg
OUT_CP027,OUT_CP027.jpg
OUT_CP027,OUT_CP027.jpg
OUT_CP027,OUT_CP027.jpg
OUT_CP027,OUT_CP027.jpg
OUT_CP027,OUT_CP027.jpg
OUT_CP027,OUT_CP027.jpg
OUT_CP027,OUT_CP027.jpg
OUT_CP027,OUT_CP027.jpg
OUT_CP027,OUT_CP027.jpg
OUT_CP027,OUT_CP027.jpg
OUT_CP027,OUT_CP027.jpg
OUT_CP027,OUT_CP027.jpg
OUT_CP027,OUT_CP027.jpg
OUT_CP027,OUT_CP027.jpg
OUT_CP027,OUT_CP027.jpg
OUT_CP027,OUT_CP027.jpg
OUT_CP027,OUT_CP027.jpg
OUT_CP027,OUT_CP027.jpg
OUT_CP027,OUT_CP027.jpg
OUT_CP027,OUT_CP027.jpg
OUT_CP027,OUT_CP027.jpg
OUT_CP027,OUT_CP027.jpg
OUT_CP027,OUT_CP027.jpg
OUT_CP027,OUT_CP027.jpg
OUT_CP027,OUT_CP027.jpg
OUT_CP027,OUT_CP027.jpg
OUT_CP027,OUT_CP027.jpg
OUT_CP028,OUT_CP028.jpg
OUT_CP028,OUT_CP028.jpg
OUT_CP028,OUT_CP028.jpg
OUT_CP028,OUT_CP028.jpg
OUT_CP028,OUT_CP028.jpg
OUT_CP028,OUT_CP028.jpg
OUT_CP028,OUT_CP028.jpg
OUT_CP028,OUT_CP028.jpg
OUT_CP028,OUT_CP028.jpg
OUT_CP028,OUT_CP028.jpg
OUT_CP028,OUT_CP028.jpg
OUT_CP028,OUT_CP028.jpg
OUT_CP028,OUT_CP028.jpg
OUT_CP028,OUT_CP028.jpg
OUT_CP028,OUT_CP028.jpg
OUT_CP028,OUT_CP028.jpg
OUT_CP028,OUT_CP028.jpg
OUT_CP028,OUT_CP028.jpg
OUT_CP028,OUT_CP028.jpg
OUT_CP028,OUT_CP028.jpg
OUT_CP028,OUT_CP028.jpg
OUT_CP028,OUT_CP028.jpg
OUT_CP028,OUT_CP028.jpg
OUT_CP028,OUT_CP028.jpg
OUT_CP028,OUT_CP028.jpg
OUT_CP028,OUT_CP028.jpg
OUT_CP028,OUT_CP028.jpg
OUT_CP029,OUT_CP029.jpg
OUT_CP029,OUT_CP029.jpg
OUT_CP029,OUT_CP029.jpg
OUT_CP029,OUT_CP029.jpg
OUT_CP029,OUT_CP029.jpg
OUT_CP029,OUT_CP029.jpg
OUT_CP029,OUT_CP029.jpg
OUT_CP029,OUT_CP029.jpg
OUT_CP029,OUT_CP029.jpg
OUT_CP029,OUT_CP029.jpg
OUT_CP029,OUT_CP029.jpg
OUT_CP029,OUT_CP029.jpg
OUT_CP029,OUT_CP029.jpg
OUT_CP029,OUT_CP029.jpg
OUT_CP029,OUT_CP029.jpg
OUT_CP029,OUT_CP029.jpg
OUT_CP029,OUT_CP029.jpg
OUT_CP029,OUT_CP029.jpg
OUT_CP029,OUT_CP029.jpg
OUT_CP029,OUT_CP029.jpg
OUT_CP029,OUT_CP029.jpg
OUT_CP029,OUT_CP029.jpg
OUT_CP029,OUT_CP029.jpg
OUT_CP029,OUT_CP029.jpg
OUT_CP029,OUT_CP029.jpg
OUT_CP029,OUT_CP029.jpg
OUT_CP029,OUT_CP029.jpg
OUT_CP030,OUT_CP030.jpg
OUT_CP030,OUT_CP030.jpg
OUT_CP030,OUT_CP030.jpg
OUT_CP030,OUT_CP030.jpg
OUT_CP030,OUT_CP030.jpg
OUT_CP030,OUT_CP030.jpg
OUT_CP030,OUT_CP030.jpg
OUT_CP030,OUT_CP030.jpg
OUT_CP030,OUT_CP030.jpg
OUT_CP030,OUT_CP030.jpg
OUT_CP030,OUT_CP030.jpg
OUT_CP030,OUT_CP030.jpg
OUT_CP030,OUT_CP030.jpg
OUT_CP030,OUT_CP030.jpg
OUT_CP030,OUT_CP030.jpg
OUT_CP030,OUT_CP030.jpg
OUT_CP030,OUT_CP030.jpg
OUT_CP030,OUT_CP030.jpg
OUT_CP030,OUT_CP030.jpg
OUT_CP030,OUT_CP030.jpg
OUT_CP030,OUT_CP030.jpg
OUT_CP030,OUT_CP030.jpg
OUT_CP030,OUT_CP030.jpg
OUT_CP030,OUT_CP030.jpg
OUT_CP030,OUT_CP030.jpg
OUT_CP030,OUT_CP030.jpg
OUT_CP030,OUT_CP030.jpg
OUT_CP031,OUT_CP031.jpg
OUT_CP031,OUT_CP031.jpg
OUT_CP031,OUT_CP031.jpg
OUT_CP031,OUT_CP031.jpg
OUT_CP031,OUT_CP031.jpg
OUT_CP031,OUT_CP031.jpg
OUT_CP031,OUT_CP031.jpg
OUT_CP031,OUT_CP031.jpg
OUT_CP031,OUT_CP031.jpg
OUT_CP031,OUT_CP031.jpg
OUT_CP031,OUT_CP031.jpg
OUT_CP031,OUT_CP031.jpg
OUT_CP031,OUT_CP031.jpg
OUT_CP031,OUT_CP031.jpg
OUT_CP031,OUT_CP031.jpg
OUT_CP031,OUT_CP031.jpg
OUT_CP031,OUT_CP031.jpg
OUT_CP031,OUT_CP031.jpg
OUT_CP031,OUT_CP031.jpg
OUT_CP031,OUT_CP031.jpg
OUT_CP031,OUT_CP031.jpg
OUT_CP031,OUT_CP031.jpg
OUT_CP031,OUT_CP031.jpg
OUT_CP031,OUT_CP031.jpg
OUT_CP031,OUT_CP031.jpg
OUT_CP031,OUT_CP031.jpg
OUT_CP031,OUT_CP031.jpg
OUT_CP032,OUT_CP032.jpg
OUT_CP032,OUT_CP032.jpg
OUT_CP032,OUT_CP032.jpg
OUT_CP032,OUT_CP032.jpg
OUT_CP032,OUT_CP032.jpg
OUT_CP032,OUT_CP032.jpg
OUT_CP032,OUT_CP032.jpg
OUT_CP032,OUT_CP032.jpg
OUT_CP032,OUT_CP032.jpg
OUT_CP032,OUT_CP032.jpg
OUT_CP032,OUT_CP032.jpg
OUT_CP032,OUT_CP032.jpg
OUT_CP032,OUT_CP032.jpg
OUT_CP032,OUT_CP032.jpg
OUT_CP032,OUT_CP032.jpg
OUT_CP032,OUT_CP032.jpg
OUT_CP032,OUT_CP032.jpg
OUT_CP032,OUT_CP032.jpg
OUT_CP032,OUT_CP032.jpg
OUT_CP032,OUT_CP032.jpg
OUT_CP032,OUT_CP032.jpg
OUT_CP032,OUT_CP032.jpg
OUT_CP032,OUT_CP032.jpg
OUT_CP032,OUT_CP032.jpg
OUT_CP032,OUT_CP032.jpg
OUT_CP032,OUT_CP032.jpg
OUT_CP032,OUT_CP032.jpg
OUT_CP033,OUT_CP033.jpg
OUT_CP033,OUT_CP033.jpg
OUT_CP033,OUT_CP033.jpg
OUT_CP033,OUT_CP033.jpg
OUT_CP033,OUT_CP033.jpg
OUT_CP033,OUT_CP033.jpg
OUT_CP033,OUT_CP033.jpg
OUT_CP033,OUT_CP033.jpg
OUT_CP033,OUT_CP033.jpg
OUT_CP033,OUT_CP033.jpg
OUT_CP033,OUT_CP033.jpg
OUT_CP033,OUT_CP033.jpg
OUT_CP033,OUT_CP033.jpg
OUT_CP033,OUT_CP033.jpg
OUT_CP033,OUT_CP033.jpg
OUT_CP033,OUT_CP033.jpg
OUT_CP033,OUT_CP033.jpg
OUT_CP033,OUT_CP033.jpg
OUT_CP033,OUT_CP033.jpg
OUT_CP033,OUT_CP033.jpg
OUT_CP033,OUT_CP033.jpg
OUT_CP033,OUT_CP033.jpg
OUT_CP033,OUT_CP033.jpg
OUT_CP033,OUT_CP033.jpg
OUT_CP033,OUT_CP033.jpg
OUT_CP033,OUT_CP033.jpg
OUT_CP033,OUT_CP033.jpg
OUT_CP034,OUT_CP034.jpg
OUT_CP034,OUT_CP034.jpg
OUT_CP034,OUT_CP034.jpg
OUT_CP034,OUT_CP034.jpg
OUT_CP034,OUT_CP034.jpg
OUT_CP034,OUT_CP034.jpg
OUT_CP034,OUT_CP034.jpg
OUT_CP034,OUT_CP034.jpg
OUT_CP034,OUT_CP034.jpg
OUT_CP034,OUT_CP034.jpg
OUT_CP034,OUT_CP034.jpg
OUT_CP034,OUT_CP034.jpg
OUT_CP034,OUT_CP034.jpg
OUT_CP034,OUT_CP034.jpg
OUT_CP034,OUT_CP034.jpg
OUT_CP034,OUT_CP034.jpg
OUT_CP034,OUT_CP034.jpg
OUT_CP034,OUT_CP034.jpg
OUT_CP034,OUT_CP034.jpg
OUT_CP034,OUT_CP034.jpg
OUT_CP034,OUT_CP034.jpg
OUT_CP034,OUT_CP034.jpg
OUT_CP034,OUT_CP034.jpg
OUT_CP034,OUT_CP034.jpg
OUT_CP034,OUT_CP034.jpg
OUT_CP034,OUT_CP034.jpg
OUT_CP034,OUT_CP034.jpg
OUT_CP038,OUT_CP038.jpg
OUT_CP038,OUT_CP038.jpg
OUT_CP038,OUT_CP038.jpg
OUT_CP038,OUT_CP038.jpg
OUT_CP038,OUT_CP038.jpg
OUT_CP038,OUT_CP038.jpg
OUT_CP038,OUT_CP038.jpg
OUT_CP038,OUT_CP038.jpg
OUT_CP038,OUT_CP038.jpg
OUT_CP038,OUT_CP038.jpg
OUT_CP038,OUT_CP038.jpg
OUT_CP038,OUT_CP038.jpg
OUT_CP038,OUT_CP038.jpg
OUT_CP038,OUT_CP038.jpg
OUT_CP038,OUT_CP038.jpg
OUT_CP038,OUT_CP038.jpg
OUT_CP038,OUT_CP038.jpg
OUT_CP038,OUT_CP038.jpg
OUT_CP038,OUT_CP038.jpg
OUT_CP038,OUT_CP038.jpg
OUT_CP038,OUT_CP038.jpg
OUT_CP038,OUT_CP038.jpg
OUT_CP038,OUT_CP038.jpg
OUT_CP038,OUT_CP038.jpg
OUT_CP038,OUT_CP038.jpg
OUT_CP038,OUT_CP038.jpg
OUT_CP038,OUT_CP038.jpg
OUT_CP039,OUT_CP039.jpg
OUT_CP039,OUT_CP039.jpg
OUT_CP039,OUT_CP039.jpg
OUT_CP039,OUT_CP039.jpg
OUT_CP039,OUT_CP039.jpg
OUT_CP039,OUT_CP039.jpg
OUT_CP039,OUT_CP039.jpg
OUT_CP039,OUT_CP039.jpg
OUT_CP039,OUT_CP039.jpg
OUT_CP039,OUT_CP039.jpg
OUT_CP039,OUT_CP039.jpg
OUT_CP039,OUT_CP039.jpg
OUT_CP039,OUT_CP039.jpg
OUT_CP039,OUT_CP039.jpg
OUT_CP039,OUT_CP039.jpg
OUT_CP039,OUT_CP039.jpg
OUT_CP039,OUT_CP039.jpg
OUT_CP039,OUT_CP039.jpg
OUT_CP039,OUT_CP039.jpg
OUT_CP039,OUT_CP039.jpg
OUT_CP039,OUT_CP039.jpg
OUT_CP039,OUT_CP039.jpg
OUT_CP039,OUT_CP039.jpg
OUT_CP039,OUT_CP039.jpg
OUT_CP039,OUT_CP039.jpg
OUT_CP039,OUT_CP039.jpg
OUT_CP039,OUT_CP039.jpg
OUT_CP040,OUT_CP040.jpg
OUT_CP040,OUT_CP040.jpg
OUT_CP040,OUT_CP040.jpg
OUT_CP040,OUT_CP040.jpg
OUT_CP040,OUT_CP040.jpg
OUT_CP040,OUT_CP040.jpg
OUT_CP040,OUT_CP040.jpg
OUT_CP040,OUT_CP040.jpg
OUT_CP040,OUT_CP040.jpg
OUT_CP040,OUT_CP040.jpg
OUT_CP040,OUT_CP040.jpg
OUT_CP040,OUT_CP040.jpg
OUT_CP040,OUT_CP040.jpg
OUT_CP040,OUT_CP040.jpg
OUT_CP040,OUT_CP040.jpg
OUT_CP040,OUT_CP040.jpg
OUT_CP040,OUT_CP040.jpg
OUT_CP040,OUT_CP040.jpg
OUT_CP040,OUT_CP040.jpg
OUT_CP040,OUT_CP040.jpg
OUT_CP040,OUT_CP040.jpg
OUT_CP040,OUT_CP040.jpg
OUT_CP040,OUT_CP040.jpg
OUT_CP040,OUT_CP040.jpg
OUT_CP040,OUT_CP040.jpg
OUT_CP040,OUT_CP040.jpg
OUT_CP040,OUT_CP040.jpg
OUT_CP041,OUT_CP041.jpg
OUT_CP041,OUT_CP041.jpg
OUT_CP041,OUT_CP041.jpg
OUT_CP041,OUT_CP041.jpg
OUT_CP041,OUT_CP041.jpg
OUT_CP041,OUT_CP041.jpg
OUT_CP041,OUT_CP041.jpg
OUT_CP041,OUT_CP041.jpg
OUT_CP041,OUT_CP041.jpg
OUT_CP041,OUT_CP041.jpg
OUT_CP041,OUT_CP041.jpg
OUT_CP041,OUT_CP041.jpg
OUT_CP041,OUT_CP041.jpg
OUT_CP041,OUT_CP041.jpg
OUT_CP041,OUT_CP041.jpg
OUT_CP041,OUT_CP041.jpg
OUT_CP041,OUT_CP041.jpg
OUT_CP041,OUT_CP041.jpg
OUT_CP041,OUT_CP041.jpg
OUT_CP041,OUT_CP041.jpg
OUT_CP041,OUT_CP041.jpg
OUT_CP041,OUT_CP041.jpg
OUT_CP041,OUT_CP041.jpg
OUT_CP041,OUT_CP041.jpg
OUT_CP041,OUT_CP041.jpg
OUT_CP041,OUT_CP041.jpg
OUT_CP041,OUT_CP041.jpg
OUT_CP042,OUT_CP042.jpg
OUT_CP042,OUT_CP042.jpg
OUT_CP042,OUT_CP042.jpg
OUT_CP042,OUT_CP042.jpg
OUT_CP042,OUT_CP042.jpg
OUT_CP042,OUT_CP042.jpg
OUT_CP042,OUT_CP042.jpg
OUT_CP042,OUT_CP042.jpg
OUT_CP042,OUT_CP042.jpg
OUT_CP042,OUT_CP042.jpg
OUT_CP042,OUT_CP042.jpg
OUT_CP042,OUT_CP042.jpg
OUT_CP042,OUT_CP042.jpg
OUT_CP042,OUT_CP042.jpg
OUT_CP042,OUT_CP042.jpg
OUT_CP042,OUT_CP042.jpg
OUT_CP042,OUT_CP042.jpg
OUT_CP042,OUT_CP042.jpg
OUT_CP042,OUT_CP042.jpg
OUT_CP042,OUT_CP042.jpg
OUT_CP042,OUT_CP042.jpg
OUT_CP042,OUT_CP042.jpg
OUT_CP042,OUT_CP042.jpg
OUT_CP042,OUT_CP042.jpg
OUT_CP042,OUT_CP042.jpg
OUT_CP042,OUT_CP042.jpg
OUT_CP042,OUT_CP042.jpg
OUT_CP044,OUT_CP044.jpg
OUT_CP044,OUT_CP044.jpg
OUT_CP044,OUT_CP044.jpg
OUT_CP044,OUT_CP044.jpg
OUT_CP044,OUT_CP044.jpg
OUT_CP044,OUT_CP044.jpg
OUT_CP044,OUT_CP044.jpg
OUT_CP044,OUT_CP044.jpg
OUT_CP044,OUT_CP044.jpg
OUT_CP044,OUT_CP044.jpg
OUT_CP044,OUT_CP044.jpg
OUT_CP044,OUT_CP044.jpg
OUT_CP044,OUT_CP044.jpg
OUT_CP044,OUT_CP044.jpg
OUT_CP044,OUT_CP044.jpg
OUT_CP044,OUT_CP044.jpg
OUT_CP044,OUT_CP044.jpg
OUT_CP044,OUT_CP044.jpg
OUT_CP044,OUT_CP044.jpg
OUT_CP044,OUT_CP044.jpg
OUT_CP044,OUT_CP044.jpg
OUT_CP044,OUT_CP044.jpg
OUT_CP044,OUT_CP044.jpg
OUT_CP044,OUT_CP044.jpg
OUT_CP044,OUT_CP044.jpg
OUT_CP044,OUT_CP044.jpg
OUT_CP044,OUT_CP044.jpg
OUT_CP045,OUT_CP045.jpg
OUT_CP045,OUT_CP045.jpg
OUT_CP045,OUT_CP045.jpg
OUT_CP045,OUT_CP045.jpg
OUT_CP045,OUT_CP045.jpg
OUT_CP045,OUT_CP045.jpg
OUT_CP045,OUT_CP045.jpg
OUT_CP045,OUT_CP045.jpg
OUT_CP045,OUT_CP045.jpg
OUT_CP045,OUT_CP045.jpg
OUT_CP045,OUT_CP045.jpg
OUT_CP045,OUT_CP045.jpg
OUT_CP045,OUT_CP045.jpg
OUT_CP045,OUT_CP045.jpg
OUT_CP045,OUT_CP045.jpg
OUT_CP045,OUT_CP045.jpg
OUT_CP045,OUT_CP045.jpg
OUT_CP045,OUT_CP045.jpg
OUT_CP045,OUT_CP045.jpg
OUT_CP045,OUT_CP045.jpg
OUT_CP045,OUT_CP045.jpg
OUT_CP045,OUT_CP045.jpg
OUT_CP045,OUT_CP045.jpg
OUT_CP045,OUT_CP045.jpg
OUT_CP045,OUT_CP045.jpg
OUT_CP045,OUT_CP045.jpg
OUT_CP045,OUT_CP045.jpg
OUT_CP046,OUT_CP046.jpg
OUT_CP046,OUT_CP046.jpg
OUT_CP046,OUT_CP046.jpg
OUT_CP046,OUT_CP046.jpg
OUT_CP046,OUT_CP046.jpg
OUT_CP046,OUT_CP046.jpg
OUT_CP046,OUT_CP046.jpg
OUT_CP046,OUT_CP046.jpg
OUT_CP046,OUT_CP046.jpg
OUT_CP046,OUT_CP046.jpg
OUT_CP046,OUT_CP046.jpg
OUT_CP046,OUT_CP046.jpg
OUT_CP046,OUT_CP046.jpg
OUT_CP046,OUT_CP046.jpg
OUT_CP046,OUT_CP046.jpg
OUT_CP046,OUT_CP046.jpg
OUT_CP046,OUT_CP046.jpg
OUT_CP046,OUT_CP046.jpg
OUT_CP046,OUT_CP046.jpg
OUT_CP046,OUT_CP046.jpg
OUT_CP046,OUT_CP046.jpg
OUT_CP046,OUT_CP046.jpg
OUT_CP046,OUT_CP046.jpg
OUT_CP046,OUT_CP046.jpg
OUT_CP046,OUT_CP046.jpg
OUT_CP046,OUT_CP046.jpg
OUT_CP046,OUT_CP046.jpg
OUT_CP047,OUT_CP047.jpg
OUT_CP047,OUT_CP047.jpg
OUT_CP047,OUT_CP047.jpg
OUT_CP047,OUT_CP047.jpg
OUT_CP047,OUT_CP047.jpg
OUT_CP047,OUT_CP047.jpg
OUT_CP047,OUT_CP047.jpg
OUT_CP047,OUT_CP047.jpg
OUT_CP047,OUT_CP047.jpg
OUT_CP047,OUT_CP047.jpg
OUT_CP047,OUT_CP047.jpg
OUT_CP047,OUT_CP047.jpg
OUT_CP047,OUT_CP047.jpg
OUT_CP047,OUT_CP047.jpg
OUT_CP047,OUT_CP047.jpg
OUT_CP047,OUT_CP047.jpg
OUT_CP047,OUT_CP047.jpg
OUT_CP047,OUT_CP047.jpg
OUT_CP047,OUT_CP047.jpg
OUT_CP047,OUT_CP047.jpg
OUT_CP047,OUT_CP047.jpg
OUT_CP047,OUT_CP047.jpg
OUT_CP047,OUT_CP047.jpg
OUT_CP047,OUT_CP047.jpg
OUT_CP047,OUT_CP047.jpg
OUT_CP047,OUT_CP047.jpg
OUT_CP047,OUT_CP047.jpg
OUT_CP048,OUT_CP048.jpg
OUT_CP048,OUT_CP048.jpg
OUT_CP048,OUT_CP048.jpg
OUT_CP048,OUT_CP048.jpg
OUT_CP048,OUT_CP048.jpg
OUT_CP048,OUT_CP048.jpg
OUT_CP048,OUT_CP048.jpg
OUT_CP048,OUT_CP048.jpg
OUT_CP048,OUT_CP048.jpg
OUT_CP048,OUT_CP048.jpg
OUT_CP048,OUT_CP048.jpg
OUT_CP048,OUT_CP048.jpg
OUT_CP048,OUT_CP048.jpg
OUT_CP048,OUT_CP048.jpg
OUT_CP048,OUT_CP048.jpg
OUT_CP048,OUT_CP048.jpg
OUT_CP048,OUT_CP048.jpg
OUT_CP048,OUT_CP048.jpg
OUT_CP048,OUT_CP048.jpg
OUT_CP048,OUT_CP048.jpg
OUT_CP048,OUT_CP048.jpg
OUT_CP048,OUT_CP048.jpg
OUT_CP048,OUT_CP048.jpg
OUT_CP048,OUT_CP048.jpg
OUT_CP048,OUT_CP048.jpg
OUT_CP048,OUT_CP048.jpg
OUT_CP048,OUT_CP048.jpg
OUT_CP050,OUT_CP050.jpg
OUT_CP050,OUT_CP050.jpg
OUT_CP050,OUT_CP050.jpg
OUT_CP050,OUT_CP050.jpg
OUT_CP050,OUT_CP050.jpg
OUT_CP050,OUT_CP050.jpg
OUT_CP050,OUT_CP050.jpg
OUT_CP050,OUT_CP050.jpg
OUT_CP050,OUT_CP050.jpg
OUT_CP050,OUT_CP050.jpg
OUT_CP050,OUT_CP050.jpg
OUT_CP050,OUT_CP050.jpg
OUT_CP050,OUT_CP050.jpg
OUT_CP050,OUT_CP050.jpg
OUT_CP050,OUT_CP050.jpg
OUT_CP050,OUT_CP050.jpg
OUT_CP050,OUT_CP050.jpg
OUT_CP050,OUT_CP050.jpg
OUT_CP050,OUT_CP050.jpg
OUT_CP050,OUT_CP050.jpg
OUT_CP050,OUT_CP050.jpg
OUT_CP050,OUT_CP050.jpg
OUT_CP050,OUT_CP050.jpg
OUT_CP050,OUT_CP050.jpg
OUT_CP050,OUT_CP050.jpg
OUT_CP050,OUT_CP050.jpg
OUT_CP050,OUT_CP050.jpg
OUT_CP052,OUT_CP052.jpg
OUT_CP052,OUT_CP052.jpg
OUT_CP052,OUT_CP052.jpg
OUT_CP052,OUT_CP052.jpg
OUT_CP052,OUT_CP052.jpg
OUT_CP052,OUT_CP052.jpg
OUT_CP052,OUT_CP052.jpg
OUT_CP052,OUT_CP052.jpg
OUT_CP052,OUT_CP052.jpg
OUT_CP052,OUT_CP052.jpg
OUT_CP052,OUT_CP052.jpg
OUT_CP052,OUT_CP052.jpg
OUT_CP052,OUT_CP052.jpg
OUT_CP052,OUT_CP052.jpg
OUT_CP052,OUT_CP052.jpg
OUT_CP052,OUT_CP052.jpg
OUT_CP052,OUT_CP052.jpg
OUT_CP052,OUT_CP052.jpg
OUT_CP052,OUT_CP052.jpg
OUT_CP052,OUT_CP052.jpg
OUT_CP052,OUT_CP052.jpg
OUT_CP052,OUT_CP052.jpg
OUT_CP052,OUT_CP052.jpg
OUT_CP052,OUT_CP052.jpg
OUT_CP052,OUT_CP052.jpg
OUT_CP052,OUT_CP052.jpg
OUT_CP052,OUT_CP052.jpg
OUT_CP053,OUT_CP053.jpg
OUT_CP053,OUT_CP053.jpg
OUT_CP053,OUT_CP053.jpg
OUT_CP053,OUT_CP053.jpg
OUT_CP053,OUT_CP053.jpg
OUT_CP053,OUT_CP053.jpg
OUT_CP053,OUT_CP053.jpg
OUT_CP053,OUT_CP053.jpg
OUT_CP053,OUT_CP053.jpg
OUT_CP053,OUT_CP053.jpg
OUT_CP053,OUT_CP053.jpg
OUT_CP053,OUT_CP053.jpg
OUT_CP053,OUT_CP053.jpg
OUT_CP053,OUT_CP053.jpg
OUT_CP053,OUT_CP053.jpg
OUT_CP053,OUT_CP053.jpg
OUT_CP053,OUT_CP053.jpg
OUT_CP053,OUT_CP053.jpg
OUT_CP053,OUT_CP053.jpg
OUT_CP053,OUT_CP053.jpg
OUT_CP053,OUT_CP053.jpg
OUT_CP053,OUT_CP053.jpg
OUT_CP053,OUT_CP053.jpg
OUT_CP053,OUT_CP053.jpg
OUT_CP053,OUT_CP053.jpg
OUT_CP053,OUT_CP053.jpg
OUT_CP053,OUT_CP053.jpg
OUT_CP054,OUT_CP054.jpg
OUT_CP054,OUT_CP054.jpg
OUT_CP054,OUT_CP054.jpg
OUT_CP054,OUT_CP054.jpg
OUT_CP054,OUT_CP054.jpg
OUT_CP054,OUT_CP054.jpg
OUT_CP054,OUT_CP054.jpg
OUT_CP054,OUT_CP054.jpg
OUT_CP054,OUT_CP054.jpg
OUT_CP054,OUT_CP054.jpg
OUT_CP054,OUT_CP054.jpg
OUT_CP054,OUT_CP054.jpg
OUT_CP054,OUT_CP054.jpg
OUT_CP054,OUT_CP054.jpg
OUT_CP054,OUT_CP054.jpg
OUT_CP054,OUT_CP054.jpg
OUT_CP054,OUT_CP054.jpg
OUT_CP054,OUT_CP054.jpg
OUT_CP054,OUT_CP054.jpg
OUT_CP054,OUT_CP054.jpg
OUT_CP054,OUT_CP054.jpg
OUT_CP054,OUT_CP054.jpg
OUT_CP054,OUT_CP054.jpg
OUT_CP054,OUT_CP054.jpg
OUT_CP054,OUT_CP054.jpg
OUT_CP054,OUT_CP054.jpg
OUT_CP054,OUT_CP054.jpg
OUT_CP055,OUT_CP055.jpg
OUT_CP055,OUT_CP055.jpg
OUT_CP055,OUT_CP055.jpg
OUT_CP055,OUT_CP055.jpg
OUT_CP055,OUT_CP055.jpg
OUT_CP055,OUT_CP055.jpg
OUT_CP055,OUT_CP055.jpg
OUT_CP055,OUT_CP055.jpg
OUT_CP055,OUT_CP055.jpg
OUT_CP055,OUT_CP055.jpg
OUT_CP055,OUT_CP055.jpg
OUT_CP055,OUT_CP055.jpg
OUT_CP055,OUT_CP055.jpg
OUT_CP055,OUT_CP055.jpg
OUT_CP055,OUT_CP055.jpg
OUT_CP055,OUT_CP055.jpg
OUT_CP055,OUT_CP055.jpg
OUT_CP055,OUT_CP055.jpg
OUT_CP055,OUT_CP055.jpg
OUT_CP055,OUT_CP055.jpg
OUT_CP055,OUT_CP055.jpg
OUT_CP055,OUT_CP055.jpg
OUT_CP055,OUT_CP055.jpg
OUT_CP055,OUT_CP055.jpg
OUT_CP055,OUT_CP055.jpg
OUT_CP055,OUT_CP055.jpg
OUT_CP055,OUT_CP055.jpg
OUT_CP056,OUT_CP056.jpg
OUT_CP056,OUT_CP056.jpg
OUT_CP056,OUT_CP056.jpg
OUT_CP056,OUT_CP056.jpg
OUT_CP056,OUT_CP056.jpg
OUT_CP056,OUT_CP056.jpg
OUT_CP056,OUT_CP056.jpg
OUT_CP056,OUT_CP056.jpg
OUT_CP056,OUT_CP056.jpg
OUT_CP056,OUT_CP056.jpg
OUT_CP056,OUT_CP056.jpg
OUT_CP056,OUT_CP056.jpg
OUT_CP056,OUT_CP056.jpg
OUT_CP056,OUT_CP056.jpg
OUT_CP056,OUT_CP056.jpg
OUT_CP056,OUT_CP056.jpg
OUT_CP056,OUT_CP056.jpg
OUT_CP056,OUT_CP056.jpg
OUT_CP056,OUT_CP056.jpg
OUT_CP056,OUT_CP056.jpg
OUT_CP056,OUT_CP056.jpg
OUT_CP056,OUT_CP056.jpg
OUT_CP056,OUT_CP056.jpg
OUT_CP056,OUT_CP056.jpg
OUT_CP056,OUT_CP056.jpg
OUT_CP056,OUT_CP056.jpg
OUT_CP056,OUT_CP056.jpg
OUT_CP057,OUT_CP057.jpg
OUT_CP057,OUT_CP057.jpg
OUT_CP057,OUT_CP057.jpg
OUT_CP057,OUT_CP057.jpg
OUT_CP057,OUT_CP057.jpg
OUT_CP057,OUT_CP057.jpg
OUT_CP057,OUT_CP057.jpg
OUT_CP057,OUT_CP057.jpg
OUT_CP057,OUT_CP057.jpg
OUT_CP057,OUT_CP057.jpg
OUT_CP057,OUT_CP057.jpg
OUT_CP057,OUT_CP057.jpg
OUT_CP057,OUT_CP057.jpg
OUT_CP057,OUT_CP057.jpg
OUT_CP057,OUT_CP057.jpg
OUT_CP057,OUT_CP057.jpg
OUT_CP057,OUT_CP057.jpg
OUT_CP057,OUT_CP057.jpg
OUT_CP057,OUT_CP057.jpg
OUT_CP057,OUT_CP057.jpg
OUT_CP057,OUT_CP057.jpg
OUT_CP057,OUT_CP057.jpg
OUT_CP057,OUT_CP057.jpg
OUT_CP057,OUT_CP057.jpg
OUT_CP057,OUT_CP057.jpg
OUT_CP057,OUT_CP057.jpg
OUT_CP057,OUT_CP057.jpg
OUT_CP059,OUT_CP059.jpg
OUT_CP059,OUT_CP059.jpg
OUT_CP059,OUT_CP059.jpg
OUT_CP059,OUT_CP059.jpg
OUT_CP059,OUT_CP059.jpg
OUT_CP059,OUT_CP059.jpg
OUT_CP059,OUT_CP059.jpg
OUT_CP059,OUT_CP059.jpg
OUT_CP059,OUT_CP059.jpg
OUT_CP059,OUT_CP059.jpg
OUT_CP059,OUT_CP059.jpg
OUT_CP059,OUT_CP059.jpg
OUT_CP059,OUT_CP059.jpg
OUT_CP059,OUT_CP059.jpg
OUT_CP059,OUT_CP059.jpg
OUT_CP059,OUT_CP059.jpg
OUT_CP059,OUT_CP059.jpg
OUT_CP059,OUT_CP059.jpg
OUT_CP059,OUT_CP059.jpg
OUT_CP059,OUT_CP059.jpg
OUT_CP059,OUT_CP059.jpg
OUT_CP059,OUT_CP059.jpg
OUT_CP059,OUT_CP059.jpg
OUT_CP059,OUT_CP059.jpg
OUT_CP059,OUT_CP059.jpg
OUT_CP059,OUT_CP059.jpg
OUT_CP059,OUT_CP059.jpg
OUT_CP061,OUT_CP061.jpg
OUT_CP061,OUT_CP061.jpg
OUT_CP061,OUT_CP061.jpg
OUT_CP061,OUT_CP061.jpg
OUT_CP061,OUT_CP061.jpg
OUT_CP061,OUT_CP061.jpg
OUT_CP061,OUT_CP061.jpg
OUT_CP061,OUT_CP061.jpg
OUT_CP061,OUT_CP061.jpg
OUT_CP061,OUT_CP061.jpg
OUT_CP061,OUT_CP061.jpg
OUT_CP061,OUT_CP061.jpg
OUT_CP061,OUT_CP061.jpg
OUT_CP061,OUT_CP061.jpg
OUT_CP061,OUT_CP061.jpg
OUT_CP061,OUT_CP061.jpg
OUT_CP061,OUT_CP061.jpg
OUT_CP061,OUT_CP061.jpg
OUT_CP061,OUT_CP061.jpg
OUT_CP061,OUT_CP061.jpg
OUT_CP061,OUT_CP061.jpg
OUT_CP061,OUT_CP061.jpg
OUT_CP061,OUT_CP061.jpg
OUT_CP061,OUT_CP061.jpg
OUT_CP061,OUT_CP061.jpg
OUT_CP061,OUT_CP061.jpg
OUT_CP061,OUT_CP061.jpg
OUT_CP062,OUT_CP062.jpg
OUT_CP062,OUT_CP062.jpg
OUT_CP062,OUT_CP062.jpg
OUT_CP062,OUT_CP062.jpg
OUT_CP062,OUT_CP062.jpg
OUT_CP062,OUT_CP062.jpg
OUT_CP062,OUT_CP062.jpg
OUT_CP062,OUT_CP062.jpg
OUT_CP062,OUT_CP062.jpg
OUT_CP062,OUT_CP062.jpg
OUT_CP062,OUT_CP062.jpg
OUT_CP062,OUT_CP062.jpg
OUT_CP062,OUT_CP062.jpg
OUT_CP062,OUT_CP062.jpg
OUT_CP062,OUT_CP062.jpg
OUT_CP062,OUT_CP062.jpg
OUT_CP062,OUT_CP062.jpg
OUT_CP062,OUT_CP062.jpg
OUT_CP062,OUT_CP062.jpg
OUT_CP062,OUT_CP062.jpg
OUT_CP062,OUT_CP062.jpg
OUT_CP062,OUT_CP062.jpg
OUT_CP062,OUT_CP062.jpg
OUT_CP062,OUT_CP062.jpg
OUT_CP062,OUT_CP062.jpg
OUT_CP062,OUT_CP062.jpg
OUT_CP062,OUT_CP062.jpg
OUT_CP063,OUT_CP063.jpg
OUT_CP063,OUT_CP063.jpg
OUT_CP063,OUT_CP063.jpg
OUT_CP063,OUT_CP063.jpg
OUT_CP063,OUT_CP063.jpg
OUT_CP063,OUT_CP063.jpg
OUT_CP063,OUT_CP063.jpg
OUT_CP063,OUT_CP063.jpg
OUT_CP063,OUT_CP063.jpg
OUT_CP063,OUT_CP063.jpg
OUT_CP063,OUT_CP063.jpg
OUT_CP063,OUT_CP063.jpg
OUT_CP063,OUT_CP063.jpg
OUT_CP063,OUT_CP063.jpg
OUT_CP063,OUT_CP063.jpg
OUT_CP063,OUT_CP063.jpg
OUT_CP063,OUT_CP063.jpg
OUT_CP063,OUT_CP063.jpg
OUT_CP063,OUT_CP063.jpg
OUT_CP063,OUT_CP063.jpg
OUT_CP063,OUT_CP063.jpg
OUT_CP063,OUT_CP063.jpg
OUT_CP063,OUT_CP063.jpg
OUT_CP063,OUT_CP063.jpg
OUT_CP063,OUT_CP063.jpg
OUT_CP063,OUT_CP063.jpg
OUT_CP063,OUT_CP063.jpg
OUT_CP064,OUT_CP064.jpg
OUT_CP064,OUT_CP064.jpg
OUT_CP064,OUT_CP064.jpg
OUT_CP064,OUT_CP064.jpg
OUT_CP064,OUT_CP064.jpg
OUT_CP064,OUT_CP064.jpg
OUT_CP064,OUT_CP064.jpg
OUT_CP064,OUT_CP064.jpg
OUT_CP064,OUT_CP064.jpg
OUT_CP064,OUT_CP064.jpg
OUT_CP064,OUT_CP064.jpg
OUT_CP064,OUT_CP064.jpg
OUT_CP064,OUT_CP064.jpg
OUT_CP064,OUT_CP064.jpg
OUT_CP064,OUT_CP064.jpg
OUT_CP064,OUT_CP064.jpg
OUT_CP064,OUT_CP064.jpg
OUT_CP064,OUT_CP064.jpg
OUT_CP064,OUT_CP064.jpg
OUT_CP064,OUT_CP064.jpg
OUT_CP064,OUT_CP064.jpg
OUT_CP064,OUT_CP064.jpg
OUT_CP064,OUT_CP064.jpg
OUT_CP064,OUT_CP064.jpg
OUT_CP064,OUT_CP064.jpg
OUT_CP064,OUT_CP064.jpg
OUT_CP064,OUT_CP064.jpg
OUT_CP065,OUT_CP065.jpg
OUT_CP065,OUT_CP065.jpg
OUT_CP065,OUT_CP065.jpg
OUT_CP065,OUT_CP065.jpg
OUT_CP065,OUT_CP065.jpg
OUT_CP065,OUT_CP065.jpg
OUT_CP065,OUT_CP065.jpg
OUT_CP065,OUT_CP065.jpg
OUT_CP065,OUT_CP065.jpg
OUT_CP065,OUT_CP065.jpg
OUT_CP065,OUT_CP065.jpg
OUT_CP065,OUT_CP065.jpg
OUT_CP065,OUT_CP065.jpg
OUT_CP065,OUT_CP065.jpg
OUT_CP065,OUT_CP065.jpg
OUT_CP065,OUT_CP065.jpg
OUT_CP065,OUT_CP065.jpg
OUT_CP065,OUT_CP065.jpg
OUT_CP065,OUT_CP065.jpg
OUT_CP065,OUT_CP065.jpg
OUT_CP065,OUT_CP065.jpg
OUT_CP065,OUT_CP065.jpg
OUT_CP065,OUT_CP065.jpg
OUT_CP065,OUT_CP065.jpg
OUT_CP065,OUT_CP065.jpg
OUT_CP065,OUT_CP065.jpg
OUT_CP065,OUT_CP065.jpg
OUT_CP066,OUT_CP066.jpg
OUT_CP066,OUT_CP066.jpg
OUT_CP066,OUT_CP066.jpg
OUT_CP066,OUT_CP066.jpg
OUT_CP066,OUT_CP066.jpg
OUT_CP066,OUT_CP066.jpg
OUT_CP066,OUT_CP066.jpg
OUT_CP066,OUT_CP066.jpg
OUT_CP066,OUT_CP066.jpg
OUT_CP066,OUT_CP066.jpg
OUT_CP066,OUT_CP066.jpg
OUT_CP066,OUT_CP066.jpg
OUT_CP066,OUT_CP066.jpg
OUT_CP066,OUT_CP066.jpg
OUT_CP066,OUT_CP066.jpg
OUT_CP066,OUT_CP066.jpg
OUT_CP066,OUT_CP066.jpg
OUT_CP066,OUT_CP066.jpg
OUT_CP066,OUT_CP066.jpg
OUT_CP066,OUT_CP066.jpg
OUT_CP066,OUT_CP066.jpg
OUT_CP066,OUT_CP066.jpg
OUT_CP066,OUT_CP066.jpg
OUT_CP066,OUT_CP066.jpg
OUT_CP066,OUT_CP066.jpg
OUT_CP066,OUT_CP066.jpg
OUT_CP066,OUT_CP066.jpg
OUT_CP067,OUT_CP067.jpg
OUT_CP067,OUT_CP067.jpg
OUT_CP067,OUT_CP067.jpg
OUT_CP067,OUT_CP067.jpg
OUT_CP067,OUT_CP067.jpg
OUT_CP067,OUT_CP067.jpg
OUT_CP067,OUT_CP067.jpg
OUT_CP067,OUT_CP067.jpg
OUT_CP067,OUT_CP067.jpg
OUT_CP067,OUT_CP067.jpg
OUT_CP067,OUT_CP067.jpg
OUT_CP067,OUT_CP067.jpg
OUT_CP067,OUT_CP067.jpg
OUT_CP067,OUT_CP067.jpg
OUT_CP067,OUT_CP067.jpg
OUT_CP067,OUT_CP067.jpg
OUT_CP067,OUT_CP067.jpg
OUT_CP067,OUT_CP067.jpg
OUT_CP067,OUT_CP067.jpg
OUT_CP067,OUT_CP067.jpg
OUT_CP067,OUT_CP067.jpg
OUT_CP067,OUT_CP067.jpg
OUT_CP067,OUT_CP067.jpg
OUT_CP067,OUT_CP067.jpg
OUT_CP067,OUT_CP067.jpg
OUT_CP067,OUT_CP067.jpg
OUT_CP067,OUT_CP067.jpg
OUT_CP068,OUT_CP068.jpg
OUT_CP068,OUT_CP068.jpg
OUT_CP068,OUT_CP068.jpg
OUT_CP068,OUT_CP068.jpg
OUT_CP068,OUT_CP068.jpg
OUT_CP068,OUT_CP068.jpg
OUT_CP068,OUT_CP068.jpg
OUT_CP068,OUT_CP068.jpg
OUT_CP068,OUT_CP068.jpg
OUT_CP068,OUT_CP068.jpg
OUT_CP068,OUT_CP068.jpg
OUT_CP068,OUT_CP068.jpg
OUT_CP068,OUT_CP068.jpg
OUT_CP068,OUT_CP068.jpg
OUT_CP068,OUT_CP068.jpg
OUT_CP068,OUT_CP068.jpg
OUT_CP068,OUT_CP068.jpg
OUT_CP068,OUT_CP068.jpg
OUT_CP068,OUT_CP068.jpg
OUT_CP068,OUT_CP068.jpg
OUT_CP068,OUT_CP068.jpg
OUT_CP068,OUT_CP068.jpg
OUT_CP068,OUT_CP068.jpg
OUT_CP068,OUT_CP068.jpg
OUT_CP068,OUT_CP068.jpg
OUT_CP068,OUT_CP068.jpg
OUT_CP068,OUT_CP068.jpg
